Year,NACE Sector,Age Group,Value
2011,Industry and Manufacturing,15 - 24 years,403.98
2011,Industry and Manufacturing,15 years and over,808.79
2011,Industry and Manufacturing,25 - 29 years,584.63
2011,Industry and Manufacturing,30 - 39 years,790.47
2011,Industry and Manufacturing,40 - 49 years,964.54
2011,Industry and Manufacturing,50 - 59 years,968.29
2011,Industry and Manufacturing,60 years and over,788.68
2011,Construction ,15 - 24 years,395.9
2011,Construction ,15 years and over,620.71
2011,Construction ,25 - 29 years,544.86
2011,Construction ,30 - 39 years,656.94
2011,Construction ,40 - 49 years,721.6
2011,Construction ,50 - 59 years,724.56
2011,Construction ,60 years and over,637.8
2011,"Wholesale, Retail & Auto Services",15 - 24 years,250.62
2011,"Wholesale, Retail & Auto Services",15 years and over,485.82
2011,"Wholesale, Retail & Auto Services",25 - 29 years,441.07
2011,"Wholesale, Retail & Auto Services",30 - 39 years,581.3
2011,"Wholesale, Retail & Auto Services",40 - 49 years,639.16
2011,"Wholesale, Retail & Auto Services",50 - 59 years,563.7
2011,"Wholesale, Retail & Auto Services",60 years and over,459.13
2011,Transportation and warehouse ,15 - 24 years,384.86
2011,Transportation and warehouse ,15 years and over,695.56
2011,Transportation and warehouse ,25 - 29 years,531.95
2011,Transportation and warehouse ,30 - 39 years,687.26
2011,Transportation and warehouse ,40 - 49 years,790.49
2011,Transportation and warehouse ,50 - 59 years,782.49
2011,Transportation and warehouse ,60 years and over,577.92
2011,Hospitality and Culinary,15 - 24 years,208.43
2011,Hospitality and Culinary,15 years and over,318.02
2011,Hospitality and Culinary,25 - 29 years,327.48
2011,Hospitality and Culinary,30 - 39 years,386.1
2011,Hospitality and Culinary,40 - 49 years,398.46
2011,Hospitality and Culinary,50 - 59 years,350.41
2011,Hospitality and Culinary,60 years and over,308.04
2011,Information and communication,15 - 24 years,417.44
2011,Information and communication,15 years and over,1004.01
2011,Information and communication,25 - 29 years,701.19
2011,Information and communication,30 - 39 years,1024.33
2011,Information and communication,40 - 49 years,1365.56
2011,Information and communication,50 - 59 years,1112.88
2011,Information and communication,60 years and over,929.37
2011,"Financial, insurance and real estate ",15 - 24 years,420.64
2011,"Financial, insurance and real estate ",15 years and over,984.25
2011,"Financial, insurance and real estate ",25 - 29 years,645.5
2011,"Financial, insurance and real estate ",30 - 39 years,983.24
2011,"Financial, insurance and real estate ",40 - 49 years,1358.32
2011,"Financial, insurance and real estate ",50 - 59 years,1215.37
2011,"Financial, insurance and real estate ",60 years and over,834.41
2011,"Professional, scientific and technical ",15 - 24 years,353.93
2011,"Professional, scientific and technical ",15 years and over,775.15
2011,"Professional, scientific and technical ",25 - 29 years,580.1
2011,"Professional, scientific and technical ",30 - 39 years,861.8
2011,"Professional, scientific and technical ",40 - 49 years,1025.18
2011,"Professional, scientific and technical ",50 - 59 years,898.02
2011,"Professional, scientific and technical ",60 years and over,636.17
2011,Administrative and Operational Support,15 - 24 years,322.32
2011,Administrative and Operational Support,15 years and over,489.13
2011,Administrative and Operational Support,25 - 29 years,437.5
2011,Administrative and Operational Support,30 - 39 years,533.83
2011,Administrative and Operational Support,40 - 49 years,590.73
2011,Administrative and Operational Support,50 - 59 years,509.06
2011,Administrative and Operational Support,60 years and over,439.61
2011,Public administration and defence,15 - 24 years,575.19
2011,Public administration and defence,15 years and over,892.48
2011,Public administration and defence,25 - 29 years,778.65
2011,Public administration and defence,30 - 39 years,881.26
2011,Public administration and defence,40 - 49 years,929.26
2011,Public administration and defence,50 - 59 years,964.39
2011,Public administration and defence,60 years and over,791.65
2011,Education ,15 - 24 years,464.17
2011,Education ,15 years and over,776.6
2011,Education ,25 - 29 years,646.37
2011,Education ,30 - 39 years,776.99
2011,Education ,40 - 49 years,836.32
2011,Education ,50 - 59 years,906.12
2011,Education ,60 years and over,667.19
2011,Human health and social work ,15 - 24 years,386.11
2011,Human health and social work ,15 years and over,674.64
2011,Human health and social work ,25 - 29 years,619.21
2011,Human health and social work ,30 - 39 years,729.69
2011,Human health and social work ,40 - 49 years,725.35
2011,Human health and social work ,50 - 59 years,689.82
2011,Human health and social work ,60 years and over,527.65
2011,"Arts, Entertainment & Recreation",15 - 24 years,247.48
2011,"Arts, Entertainment & Recreation",15 years and over,431.34
2011,"Arts, Entertainment & Recreation",25 - 29 years,390.24
2011,"Arts, Entertainment & Recreation",30 - 39 years,496.98
2011,"Arts, Entertainment & Recreation",40 - 49 years,528.08
2011,"Arts, Entertainment & Recreation",50 - 59 years,523.23
2011,"Arts, Entertainment & Recreation",60 years and over,401.05
2012,Industry and Manufacturing,15 - 24 years,402.72
2012,Industry and Manufacturing,15 years and over,814.89
2012,Industry and Manufacturing,25 - 29 years,576.04
2012,Industry and Manufacturing,30 - 39 years,786.79
2012,Industry and Manufacturing,40 - 49 years,970.9
2012,Industry and Manufacturing,50 - 59 years,977.99
2012,Industry and Manufacturing,60 years and over,796.52
2012,Construction ,15 - 24 years,379.31
2012,Construction ,15 years and over,605.87
2012,Construction ,25 - 29 years,521.8
2012,Construction ,30 - 39 years,632.82
2012,Construction ,40 - 49 years,708.62
2012,Construction ,50 - 59 years,696.97
2012,Construction ,60 years and over,606.65
2012,"Wholesale, Retail & Auto Services",15 - 24 years,244.82
2012,"Wholesale, Retail & Auto Services",15 years and over,488.63
2012,"Wholesale, Retail & Auto Services",25 - 29 years,430.26
2012,"Wholesale, Retail & Auto Services",30 - 39 years,575.95
2012,"Wholesale, Retail & Auto Services",40 - 49 years,649.92
2012,"Wholesale, Retail & Auto Services",50 - 59 years,574.55
2012,"Wholesale, Retail & Auto Services",60 years and over,461.7
2012,Transportation and warehouse ,15 - 24 years,366.5
2012,Transportation and warehouse ,15 years and over,688.21
2012,Transportation and warehouse ,25 - 29 years,517.16
2012,Transportation and warehouse ,30 - 39 years,670
2012,Transportation and warehouse ,40 - 49 years,785.47
2012,Transportation and warehouse ,50 - 59 years,772.22
2012,Transportation and warehouse ,60 years and over,575.09
2012,Hospitality and Culinary,15 - 24 years,207.35
2012,Hospitality and Culinary,15 years and over,316.66
2012,Hospitality and Culinary,25 - 29 years,325.32
2012,Hospitality and Culinary,30 - 39 years,381.25
2012,Hospitality and Culinary,40 - 49 years,399.78
2012,Hospitality and Culinary,50 - 59 years,350.19
2012,Hospitality and Culinary,60 years and over,316.9
2012,Information and communication,15 - 24 years,431.12
2012,Information and communication,15 years and over,1017.98
2012,Information and communication,25 - 29 years,710.78
2012,Information and communication,30 - 39 years,1025.34
2012,Information and communication,40 - 49 years,1389.31
2012,Information and communication,50 - 59 years,1122.94
2012,Information and communication,60 years and over,932.07
2012,"Financial, insurance and real estate ",15 - 24 years,417.37
2012,"Financial, insurance and real estate ",15 years and over,990.62
2012,"Financial, insurance and real estate ",25 - 29 years,630.59
2012,"Financial, insurance and real estate ",30 - 39 years,964.25
2012,"Financial, insurance and real estate ",40 - 49 years,1364.18
2012,"Financial, insurance and real estate ",50 - 59 years,1255.7
2012,"Financial, insurance and real estate ",60 years and over,821.71
2012,"Professional, scientific and technical ",15 - 24 years,347.23
2012,"Professional, scientific and technical ",15 years and over,767.53
2012,"Professional, scientific and technical ",25 - 29 years,575.73
2012,"Professional, scientific and technical ",30 - 39 years,843.05
2012,"Professional, scientific and technical ",40 - 49 years,1018.31
2012,"Professional, scientific and technical ",50 - 59 years,912.27
2012,"Professional, scientific and technical ",60 years and over,613.92
2012,Administrative and Operational Support,15 - 24 years,320.86
2012,Administrative and Operational Support,15 years and over,490.73
2012,Administrative and Operational Support,25 - 29 years,435.88
2012,Administrative and Operational Support,30 - 39 years,531.33
2012,Administrative and Operational Support,40 - 49 years,589.75
2012,Administrative and Operational Support,50 - 59 years,510.43
2012,Administrative and Operational Support,60 years and over,423.48
2012,Public administration and defence,15 - 24 years,494.46
2012,Public administration and defence,15 years and over,876.38
2012,Public administration and defence,25 - 29 years,764.85
2012,Public administration and defence,30 - 39 years,866.96
2012,Public administration and defence,40 - 49 years,919.35
2012,Public administration and defence,50 - 59 years,943.05
2012,Public administration and defence,60 years and over,754.32
2012,Education ,15 - 24 years,437.53
2012,Education ,15 years and over,773.82
2012,Education ,25 - 29 years,638.35
2012,Education ,30 - 39 years,780.44
2012,Education ,40 - 49 years,841.9
2012,Education ,50 - 59 years,897.12
2012,Education ,60 years and over,637.91
2012,Human health and social work ,15 - 24 years,360.75
2012,Human health and social work ,15 years and over,664.3
2012,Human health and social work ,25 - 29 years,601.98
2012,Human health and social work ,30 - 39 years,718.43
2012,Human health and social work ,40 - 49 years,722.35
2012,Human health and social work ,50 - 59 years,676.23
2012,Human health and social work ,60 years and over,517.58
2012,"Arts, Entertainment & Recreation",15 - 24 years,239.84
2012,"Arts, Entertainment & Recreation",15 years and over,429.07
2012,"Arts, Entertainment & Recreation",25 - 29 years,385.95
2012,"Arts, Entertainment & Recreation",30 - 39 years,487.39
2012,"Arts, Entertainment & Recreation",40 - 49 years,527.84
2012,"Arts, Entertainment & Recreation",50 - 59 years,518.27
2012,"Arts, Entertainment & Recreation",60 years and over,391.93
2013,Industry and Manufacturing,15 - 24 years,399.53
2013,Industry and Manufacturing,15 years and over,810.82
2013,Industry and Manufacturing,25 - 29 years,576.83
2013,Industry and Manufacturing,30 - 39 years,774.89
2013,Industry and Manufacturing,40 - 49 years,964.6
2013,Industry and Manufacturing,50 - 59 years,969.03
2013,Industry and Manufacturing,60 years and over,804.77
2013,Construction ,15 - 24 years,384.61
2013,Construction ,15 years and over,616.79
2013,Construction ,25 - 29 years,538.03
2013,Construction ,30 - 39 years,640.43
2013,Construction ,40 - 49 years,712.28
2013,Construction ,50 - 59 years,706.69
2013,Construction ,60 years and over,628.07
2013,"Wholesale, Retail & Auto Services",15 - 24 years,241.84
2013,"Wholesale, Retail & Auto Services",15 years and over,490.96
2013,"Wholesale, Retail & Auto Services",25 - 29 years,424.25
2013,"Wholesale, Retail & Auto Services",30 - 39 years,569.84
2013,"Wholesale, Retail & Auto Services",40 - 49 years,657.7
2013,"Wholesale, Retail & Auto Services",50 - 59 years,578.54
2013,"Wholesale, Retail & Auto Services",60 years and over,464.67
2013,Transportation and warehouse ,15 - 24 years,360.6
2013,Transportation and warehouse ,15 years and over,689.52
2013,Transportation and warehouse ,25 - 29 years,516.94
2013,Transportation and warehouse ,30 - 39 years,662.61
2013,Transportation and warehouse ,40 - 49 years,787.15
2013,Transportation and warehouse ,50 - 59 years,775.91
2013,Transportation and warehouse ,60 years and over,565.46
2013,Hospitality and Culinary,15 - 24 years,206.36
2013,Hospitality and Culinary,15 years and over,314.26
2013,Hospitality and Culinary,25 - 29 years,320.94
2013,Hospitality and Culinary,30 - 39 years,373
2013,Hospitality and Culinary,40 - 49 years,403.09
2013,Hospitality and Culinary,50 - 59 years,351.44
2013,Hospitality and Culinary,60 years and over,320.24
2013,Information and communication,15 - 24 years,423.65
2013,Information and communication,15 years and over,1033.64
2013,Information and communication,25 - 29 years,722.43
2013,Information and communication,30 - 39 years,1028.76
2013,Information and communication,40 - 49 years,1404.85
2013,Information and communication,50 - 59 years,1208.88
2013,Information and communication,60 years and over,865.39
2013,"Financial, insurance and real estate ",15 - 24 years,416.25
2013,"Financial, insurance and real estate ",15 years and over,992.12
2013,"Financial, insurance and real estate ",25 - 29 years,627.51
2013,"Financial, insurance and real estate ",30 - 39 years,953.61
2013,"Financial, insurance and real estate ",40 - 49 years,1358.48
2013,"Financial, insurance and real estate ",50 - 59 years,1258.77
2013,"Financial, insurance and real estate ",60 years and over,827.5
2013,"Professional, scientific and technical ",15 - 24 years,360.3
2013,"Professional, scientific and technical ",15 years and over,784.7
2013,"Professional, scientific and technical ",25 - 29 years,592.37
2013,"Professional, scientific and technical ",30 - 39 years,852.18
2013,"Professional, scientific and technical ",40 - 49 years,1041.61
2013,"Professional, scientific and technical ",50 - 59 years,929.81
2013,"Professional, scientific and technical ",60 years and over,621.92
2013,Administrative and Operational Support,15 - 24 years,322.42
2013,Administrative and Operational Support,15 years and over,498.48
2013,Administrative and Operational Support,25 - 29 years,440.74
2013,Administrative and Operational Support,30 - 39 years,533.47
2013,Administrative and Operational Support,40 - 49 years,602.83
2013,Administrative and Operational Support,50 - 59 years,520.63
2013,Administrative and Operational Support,60 years and over,433.88
2013,Public administration and defence,15 - 24 years,456.48
2013,Public administration and defence,15 years and over,888.65
2013,Public administration and defence,25 - 29 years,773.27
2013,Public administration and defence,30 - 39 years,871.1
2013,Public administration and defence,40 - 49 years,926.2
2013,Public administration and defence,50 - 59 years,945.68
2013,Public administration and defence,60 years and over,814.01
2013,Education ,15 - 24 years,421.07
2013,Education ,15 years and over,762.83
2013,Education ,25 - 29 years,631.2
2013,Education ,30 - 39 years,773.43
2013,Education ,40 - 49 years,830.2
2013,Education ,50 - 59 years,877.51
2013,Education ,60 years and over,630.6
2013,Human health and social work ,15 - 24 years,352.12
2013,Human health and social work ,15 years and over,649.41
2013,Human health and social work ,25 - 29 years,585.78
2013,Human health and social work ,30 - 39 years,698.24
2013,Human health and social work ,40 - 49 years,705.94
2013,Human health and social work ,50 - 59 years,664.64
2013,Human health and social work ,60 years and over,515.86
2013,"Arts, Entertainment & Recreation",15 - 24 years,236.2
2013,"Arts, Entertainment & Recreation",15 years and over,425
2013,"Arts, Entertainment & Recreation",25 - 29 years,376.28
2013,"Arts, Entertainment & Recreation",30 - 39 years,480.3
2013,"Arts, Entertainment & Recreation",40 - 49 years,524.55
2013,"Arts, Entertainment & Recreation",50 - 59 years,510.86
2013,"Arts, Entertainment & Recreation",60 years and over,395.06
2014,Industry and Manufacturing,15 - 24 years,411.67
2014,Industry and Manufacturing,15 years and over,824.96
2014,Industry and Manufacturing,25 - 29 years,586.41
2014,Industry and Manufacturing,30 - 39 years,783.24
2014,Industry and Manufacturing,40 - 49 years,982.17
2014,Industry and Manufacturing,50 - 59 years,996.8
2014,Industry and Manufacturing,60 years and over,814.92
2014,Construction ,15 - 24 years,379.99
2014,Construction ,15 years and over,618.46
2014,Construction ,25 - 29 years,553.09
2014,Construction ,30 - 39 years,640.07
2014,Construction ,40 - 49 years,712.29
2014,Construction ,50 - 59 years,706.7
2014,Construction ,60 years and over,646.31
2014,"Wholesale, Retail & Auto Services",15 - 24 years,245.27
2014,"Wholesale, Retail & Auto Services",15 years and over,499.13
2014,"Wholesale, Retail & Auto Services",25 - 29 years,428
2014,"Wholesale, Retail & Auto Services",30 - 39 years,570.8
2014,"Wholesale, Retail & Auto Services",40 - 49 years,667.22
2014,"Wholesale, Retail & Auto Services",50 - 59 years,601
2014,"Wholesale, Retail & Auto Services",60 years and over,470.61
2014,Transportation and warehouse ,15 - 24 years,364.25
2014,Transportation and warehouse ,15 years and over,683.46
2014,Transportation and warehouse ,25 - 29 years,521.41
2014,Transportation and warehouse ,30 - 39 years,654.79
2014,Transportation and warehouse ,40 - 49 years,780.57
2014,Transportation and warehouse ,50 - 59 years,764.06
2014,Transportation and warehouse ,60 years and over,562.31
2014,Hospitality and Culinary,15 - 24 years,209.61
2014,Hospitality and Culinary,15 years and over,315.45
2014,Hospitality and Culinary,25 - 29 years,321.13
2014,Hospitality and Culinary,30 - 39 years,373.37
2014,Hospitality and Culinary,40 - 49 years,405.16
2014,Hospitality and Culinary,50 - 59 years,353.67
2014,Hospitality and Culinary,60 years and over,318.54
2014,Information and communication,15 - 24 years,441.93
2014,Information and communication,15 years and over,1062.27
2014,Information and communication,25 - 29 years,754.01
2014,Information and communication,30 - 39 years,1058.86
2014,Information and communication,40 - 49 years,1417.57
2014,Information and communication,50 - 59 years,1290.01
2014,Information and communication,60 years and over,955.43
2014,"Financial, insurance and real estate ",15 - 24 years,422.89
2014,"Financial, insurance and real estate ",15 years and over,995.39
2014,"Financial, insurance and real estate ",25 - 29 years,630.77
2014,"Financial, insurance and real estate ",30 - 39 years,951.98
2014,"Financial, insurance and real estate ",40 - 49 years,1356.3
2014,"Financial, insurance and real estate ",50 - 59 years,1263.06
2014,"Financial, insurance and real estate ",60 years and over,797.73
2014,"Professional, scientific and technical ",15 - 24 years,363.89
2014,"Professional, scientific and technical ",15 years and over,800.58
2014,"Professional, scientific and technical ",25 - 29 years,610.02
2014,"Professional, scientific and technical ",30 - 39 years,866.45
2014,"Professional, scientific and technical ",40 - 49 years,1055.84
2014,"Professional, scientific and technical ",50 - 59 years,952.95
2014,"Professional, scientific and technical ",60 years and over,648.85
2014,Administrative and Operational Support,15 - 24 years,333.11
2014,Administrative and Operational Support,15 years and over,509.24
2014,Administrative and Operational Support,25 - 29 years,451.54
2014,Administrative and Operational Support,30 - 39 years,544.15
2014,Administrative and Operational Support,40 - 49 years,611.67
2014,Administrative and Operational Support,50 - 59 years,550.84
2014,Administrative and Operational Support,60 years and over,449.66
2014,Public administration and defence,15 - 24 years,436.35
2014,Public administration and defence,15 years and over,881.7
2014,Public administration and defence,25 - 29 years,732.66
2014,Public administration and defence,30 - 39 years,866.19
2014,Public administration and defence,40 - 49 years,919.02
2014,Public administration and defence,50 - 59 years,935.97
2014,Public administration and defence,60 years and over,823.62
2014,Education ,15 - 24 years,391.94
2014,Education ,15 years and over,744.65
2014,Education ,25 - 29 years,603.26
2014,Education ,30 - 39 years,762.46
2014,Education ,40 - 49 years,816.74
2014,Education ,50 - 59 years,852.19
2014,Education ,60 years and over,607.71
2014,Human health and social work ,15 - 24 years,354.91
2014,Human health and social work ,15 years and over,638.92
2014,Human health and social work ,25 - 29 years,571.86
2014,Human health and social work ,30 - 39 years,680.07
2014,Human health and social work ,40 - 49 years,699.76
2014,Human health and social work ,50 - 59 years,659.02
2014,Human health and social work ,60 years and over,518.58
2014,"Arts, Entertainment & Recreation",15 - 24 years,236.52
2014,"Arts, Entertainment & Recreation",15 years and over,425.19
2014,"Arts, Entertainment & Recreation",25 - 29 years,379.88
2014,"Arts, Entertainment & Recreation",30 - 39 years,473.6
2014,"Arts, Entertainment & Recreation",40 - 49 years,529.04
2014,"Arts, Entertainment & Recreation",50 - 59 years,508.37
2014,"Arts, Entertainment & Recreation",60 years and over,405.15
2015,Industry and Manufacturing,15 - 24 years,408.28
2015,Industry and Manufacturing,15 years and over,831.62
2015,Industry and Manufacturing,25 - 29 years,597.1
2015,Industry and Manufacturing,30 - 39 years,786.75
2015,Industry and Manufacturing,40 - 49 years,993.87
2015,Industry and Manufacturing,50 - 59 years,1013.89
2015,Industry and Manufacturing,60 years and over,823.14
2015,Construction ,15 - 24 years,368.98
2015,Construction ,15 years and over,619.47
2015,Construction ,25 - 29 years,553.59
2015,Construction ,30 - 39 years,645.24
2015,Construction ,40 - 49 years,713.1
2015,Construction ,50 - 59 years,703.38
2015,Construction ,60 years and over,637.65
2015,"Wholesale, Retail & Auto Services",15 - 24 years,248.74
2015,"Wholesale, Retail & Auto Services",15 years and over,510.72
2015,"Wholesale, Retail & Auto Services",25 - 29 years,438.94
2015,"Wholesale, Retail & Auto Services",30 - 39 years,580.04
2015,"Wholesale, Retail & Auto Services",40 - 49 years,682.55
2015,"Wholesale, Retail & Auto Services",50 - 59 years,626.16
2015,"Wholesale, Retail & Auto Services",60 years and over,481.96
2015,Transportation and warehouse ,15 - 24 years,376.66
2015,Transportation and warehouse ,15 years and over,685.24
2015,Transportation and warehouse ,25 - 29 years,521.2
2015,Transportation and warehouse ,30 - 39 years,659.76
2015,Transportation and warehouse ,40 - 49 years,778.74
2015,Transportation and warehouse ,50 - 59 years,771.44
2015,Transportation and warehouse ,60 years and over,559.64
2015,Hospitality and Culinary,15 - 24 years,215.29
2015,Hospitality and Culinary,15 years and over,320.7
2015,Hospitality and Culinary,25 - 29 years,328.64
2015,Hospitality and Culinary,30 - 39 years,378.67
2015,Hospitality and Culinary,40 - 49 years,412.23
2015,Hospitality and Culinary,50 - 59 years,366.59
2015,Hospitality and Culinary,60 years and over,321.33
2015,Information and communication,15 - 24 years,456.4
2015,Information and communication,15 years and over,1097.79
2015,Information and communication,25 - 29 years,791.48
2015,Information and communication,30 - 39 years,1099.52
2015,Information and communication,40 - 49 years,1465.27
2015,Information and communication,50 - 59 years,1335.86
2015,Information and communication,60 years and over,923.59
2015,"Financial, insurance and real estate ",15 - 24 years,413.57
2015,"Financial, insurance and real estate ",15 years and over,1005.37
2015,"Financial, insurance and real estate ",25 - 29 years,638.62
2015,"Financial, insurance and real estate ",30 - 39 years,955.77
2015,"Financial, insurance and real estate ",40 - 49 years,1363.33
2015,"Financial, insurance and real estate ",50 - 59 years,1280.67
2015,"Financial, insurance and real estate ",60 years and over,798.87
2015,"Professional, scientific and technical ",15 - 24 years,370.92
2015,"Professional, scientific and technical ",15 years and over,827.43
2015,"Professional, scientific and technical ",25 - 29 years,629.61
2015,"Professional, scientific and technical ",30 - 39 years,890.79
2015,"Professional, scientific and technical ",40 - 49 years,1095.67
2015,"Professional, scientific and technical ",50 - 59 years,992.07
2015,"Professional, scientific and technical ",60 years and over,652.37
2015,Administrative and Operational Support,15 - 24 years,342.07
2015,Administrative and Operational Support,15 years and over,523.8
2015,Administrative and Operational Support,25 - 29 years,463.1
2015,Administrative and Operational Support,30 - 39 years,558.28
2015,Administrative and Operational Support,40 - 49 years,638.05
2015,Administrative and Operational Support,50 - 59 years,569.13
2015,Administrative and Operational Support,60 years and over,454.55
2015,Public administration and defence,15 - 24 years,421.02
2015,Public administration and defence,15 years and over,884.11
2015,Public administration and defence,25 - 29 years,668.42
2015,Public administration and defence,30 - 39 years,874.36
2015,Public administration and defence,40 - 49 years,932.53
2015,Public administration and defence,50 - 59 years,940.3
2015,Public administration and defence,60 years and over,814.8
2015,Education ,15 - 24 years,373.64
2015,Education ,15 years and over,747.86
2015,Education ,25 - 29 years,593.45
2015,Education ,30 - 39 years,769.89
2015,Education ,40 - 49 years,821.11
2015,Education ,50 - 59 years,853.14
2015,Education ,60 years and over,614.29
2015,Human health and social work ,15 - 24 years,362.15
2015,Human health and social work ,15 years and over,642.41
2015,Human health and social work ,25 - 29 years,572.78
2015,Human health and social work ,30 - 39 years,680.1
2015,Human health and social work ,40 - 49 years,706.68
2015,Human health and social work ,50 - 59 years,666.51
2015,Human health and social work ,60 years and over,533.05
2015,"Arts, Entertainment & Recreation",15 - 24 years,244.68
2015,"Arts, Entertainment & Recreation",15 years and over,427.99
2015,"Arts, Entertainment & Recreation",25 - 29 years,386.69
2015,"Arts, Entertainment & Recreation",30 - 39 years,469.77
2015,"Arts, Entertainment & Recreation",40 - 49 years,533.42
2015,"Arts, Entertainment & Recreation",50 - 59 years,512.58
2015,"Arts, Entertainment & Recreation",60 years and over,410.19
2016,Industry and Manufacturing,15 - 24 years,419.86
2016,Industry and Manufacturing,15 years and over,848.88
2016,Industry and Manufacturing,25 - 29 years,616.92
2016,Industry and Manufacturing,30 - 39 years,803.54
2016,Industry and Manufacturing,40 - 49 years,1005.72
2016,Industry and Manufacturing,50 - 59 years,1028.93
2016,Industry and Manufacturing,60 years and over,845.8
2016,Construction ,15 - 24 years,379.42
2016,Construction ,15 years and over,636.13
2016,Construction ,25 - 29 years,566.85
2016,Construction ,30 - 39 years,668.39
2016,Construction ,40 - 49 years,728.91
2016,Construction ,50 - 59 years,723.49
2016,Construction ,60 years and over,647.93
2016,"Wholesale, Retail & Auto Services",15 - 24 years,258.95
2016,"Wholesale, Retail & Auto Services",15 years and over,524.41
2016,"Wholesale, Retail & Auto Services",25 - 29 years,454.29
2016,"Wholesale, Retail & Auto Services",30 - 39 years,591.67
2016,"Wholesale, Retail & Auto Services",40 - 49 years,701.71
2016,"Wholesale, Retail & Auto Services",50 - 59 years,643.71
2016,"Wholesale, Retail & Auto Services",60 years and over,496.39
2016,Transportation and warehouse ,15 - 24 years,388.31
2016,Transportation and warehouse ,15 years and over,694.93
2016,Transportation and warehouse ,25 - 29 years,548.6
2016,Transportation and warehouse ,30 - 39 years,670.66
2016,Transportation and warehouse ,40 - 49 years,781.94
2016,Transportation and warehouse ,50 - 59 years,781.83
2016,Transportation and warehouse ,60 years and over,571.67
2016,Hospitality and Culinary,15 - 24 years,225.14
2016,Hospitality and Culinary,15 years and over,330.18
2016,Hospitality and Culinary,25 - 29 years,342.14
2016,Hospitality and Culinary,30 - 39 years,391.01
2016,Hospitality and Culinary,40 - 49 years,419.54
2016,Hospitality and Culinary,50 - 59 years,378.74
2016,Hospitality and Culinary,60 years and over,331.29
2016,Information and communication,15 - 24 years,473.82
2016,Information and communication,15 years and over,1124.15
2016,Information and communication,25 - 29 years,819.83
2016,Information and communication,30 - 39 years,1133.01
2016,Information and communication,40 - 49 years,1467.53
2016,Information and communication,50 - 59 years,1389.96
2016,Information and communication,60 years and over,996.06
2016,"Financial, insurance and real estate ",15 - 24 years,409.76
2016,"Financial, insurance and real estate ",15 years and over,1012.53
2016,"Financial, insurance and real estate ",25 - 29 years,651.04
2016,"Financial, insurance and real estate ",30 - 39 years,964.43
2016,"Financial, insurance and real estate ",40 - 49 years,1346.84
2016,"Financial, insurance and real estate ",50 - 59 years,1300.27
2016,"Financial, insurance and real estate ",60 years and over,816.11
2016,"Professional, scientific and technical ",15 - 24 years,388.7
2016,"Professional, scientific and technical ",15 years and over,858.2
2016,"Professional, scientific and technical ",25 - 29 years,665.61
2016,"Professional, scientific and technical ",30 - 39 years,921.89
2016,"Professional, scientific and technical ",40 - 49 years,1126.61
2016,"Professional, scientific and technical ",50 - 59 years,1018.58
2016,"Professional, scientific and technical ",60 years and over,691.03
2016,Administrative and Operational Support,15 - 24 years,362.84
2016,Administrative and Operational Support,15 years and over,551
2016,Administrative and Operational Support,25 - 29 years,496.13
2016,Administrative and Operational Support,30 - 39 years,591.59
2016,Administrative and Operational Support,40 - 49 years,654.82
2016,Administrative and Operational Support,50 - 59 years,589.15
2016,Administrative and Operational Support,60 years and over,486.37
2016,Public administration and defence,15 - 24 years,430.21
2016,Public administration and defence,15 years and over,880.04
2016,Public administration and defence,25 - 29 years,613.43
2016,Public administration and defence,30 - 39 years,870.45
2016,Public administration and defence,40 - 49 years,939.04
2016,Public administration and defence,50 - 59 years,934.47
2016,Public administration and defence,60 years and over,823.45
2016,Education ,15 - 24 years,367.43
2016,Education ,15 years and over,734.85
2016,Education ,25 - 29 years,567.94
2016,Education ,30 - 39 years,754.67
2016,Education ,40 - 49 years,812.42
2016,Education ,50 - 59 years,837.05
2016,Education ,60 years and over,622.4
2016,Human health and social work ,15 - 24 years,381.25
2016,Human health and social work ,15 years and over,648.66
2016,Human health and social work ,25 - 29 years,581.72
2016,Human health and social work ,30 - 39 years,684.37
2016,Human health and social work ,40 - 49 years,712.69
2016,Human health and social work ,50 - 59 years,673.8
2016,Human health and social work ,60 years and over,546.11
2016,"Arts, Entertainment & Recreation",15 - 24 years,250.86
2016,"Arts, Entertainment & Recreation",15 years and over,435.22
2016,"Arts, Entertainment & Recreation",25 - 29 years,396.86
2016,"Arts, Entertainment & Recreation",30 - 39 years,477.76
2016,"Arts, Entertainment & Recreation",40 - 49 years,544.07
2016,"Arts, Entertainment & Recreation",50 - 59 years,520.77
2016,"Arts, Entertainment & Recreation",60 years and over,418.61
2017,Industry and Manufacturing,15 - 24 years,435.36
2017,Industry and Manufacturing,15 years and over,861.73
2017,Industry and Manufacturing,25 - 29 years,640.29
2017,Industry and Manufacturing,30 - 39 years,812.84
2017,Industry and Manufacturing,40 - 49 years,1014.43
2017,Industry and Manufacturing,50 - 59 years,1043.74
2017,Industry and Manufacturing,60 years and over,861.15
2017,Construction ,15 - 24 years,384.62
2017,Construction ,15 years and over,654.22
2017,Construction ,25 - 29 years,588.25
2017,Construction ,30 - 39 years,691.65
2017,Construction ,40 - 49 years,748.62
2017,Construction ,50 - 59 years,747.97
2017,Construction ,60 years and over,661.87
2017,"Wholesale, Retail & Auto Services",15 - 24 years,263.65
2017,"Wholesale, Retail & Auto Services",15 years and over,541.58
2017,"Wholesale, Retail & Auto Services",25 - 29 years,469.55
2017,"Wholesale, Retail & Auto Services",30 - 39 years,611.63
2017,"Wholesale, Retail & Auto Services",40 - 49 years,725.3
2017,"Wholesale, Retail & Auto Services",50 - 59 years,668.01
2017,"Wholesale, Retail & Auto Services",60 years and over,510.7
2017,Transportation and warehouse ,15 - 24 years,393.71
2017,Transportation and warehouse ,15 years and over,702.91
2017,Transportation and warehouse ,25 - 29 years,563.24
2017,Transportation and warehouse ,30 - 39 years,682.4
2017,Transportation and warehouse ,40 - 49 years,791.01
2017,Transportation and warehouse ,50 - 59 years,785.77
2017,Transportation and warehouse ,60 years and over,585.14
2017,Hospitality and Culinary,15 - 24 years,229.47
2017,Hospitality and Culinary,15 years and over,337.9
2017,Hospitality and Culinary,25 - 29 years,353.38
2017,Hospitality and Culinary,30 - 39 years,402.31
2017,Hospitality and Culinary,40 - 49 years,430.66
2017,Hospitality and Culinary,50 - 59 years,393.43
2017,Hospitality and Culinary,60 years and over,338.29
2017,Information and communication,15 - 24 years,494
2017,Information and communication,15 years and over,1181.05
2017,Information and communication,25 - 29 years,866.06
2017,Information and communication,30 - 39 years,1202.87
2017,Information and communication,40 - 49 years,1515.82
2017,Information and communication,50 - 59 years,1449.1
2017,Information and communication,60 years and over,1043.35
2017,"Financial, insurance and real estate ",15 - 24 years,427.71
2017,"Financial, insurance and real estate ",15 years and over,1038.23
2017,"Financial, insurance and real estate ",25 - 29 years,670.99
2017,"Financial, insurance and real estate ",30 - 39 years,980.73
2017,"Financial, insurance and real estate ",40 - 49 years,1365.44
2017,"Financial, insurance and real estate ",50 - 59 years,1332.7
2017,"Financial, insurance and real estate ",60 years and over,838.25
2017,"Professional, scientific and technical ",15 - 24 years,405.15
2017,"Professional, scientific and technical ",15 years and over,880.25
2017,"Professional, scientific and technical ",25 - 29 years,691.3
2017,"Professional, scientific and technical ",30 - 39 years,950.62
2017,"Professional, scientific and technical ",40 - 49 years,1135.15
2017,"Professional, scientific and technical ",50 - 59 years,1039.46
2017,"Professional, scientific and technical ",60 years and over,703.28
2017,Administrative and Operational Support,15 - 24 years,367.14
2017,Administrative and Operational Support,15 years and over,567.94
2017,Administrative and Operational Support,25 - 29 years,508.73
2017,Administrative and Operational Support,30 - 39 years,615.45
2017,Administrative and Operational Support,40 - 49 years,675.62
2017,Administrative and Operational Support,50 - 59 years,610.84
2017,Administrative and Operational Support,60 years and over,493.16
2017,Public administration and defence,15 - 24 years,476.63
2017,Public administration and defence,15 years and over,902.62
2017,Public administration and defence,25 - 29 years,627.52
2017,Public administration and defence,30 - 39 years,894.27
2017,Public administration and defence,40 - 49 years,969.85
2017,Public administration and defence,50 - 59 years,958.8
2017,Public administration and defence,60 years and over,844.49
2017,Education ,15 - 24 years,380.3
2017,Education ,15 years and over,755.92
2017,Education ,25 - 29 years,591.03
2017,Education ,30 - 39 years,777.53
2017,Education ,40 - 49 years,837.47
2017,Education ,50 - 59 years,856.03
2017,Education ,60 years and over,636.74
2017,Human health and social work ,15 - 24 years,401.39
2017,Human health and social work ,15 years and over,663.73
2017,Human health and social work ,25 - 29 years,604.95
2017,Human health and social work ,30 - 39 years,698.2
2017,Human health and social work ,40 - 49 years,726.12
2017,Human health and social work ,50 - 59 years,687.82
2017,Human health and social work ,60 years and over,560.17
2017,"Arts, Entertainment & Recreation",15 - 24 years,256.15
2017,"Arts, Entertainment & Recreation",15 years and over,440.22
2017,"Arts, Entertainment & Recreation",25 - 29 years,409.01
2017,"Arts, Entertainment & Recreation",30 - 39 years,482.66
2017,"Arts, Entertainment & Recreation",40 - 49 years,550.9
2017,"Arts, Entertainment & Recreation",50 - 59 years,525.17
2017,"Arts, Entertainment & Recreation",60 years and over,416.77
2018,Industry and Manufacturing,15 - 24 years,450.56
2018,Industry and Manufacturing,15 years and over,888.51
2018,Industry and Manufacturing,25 - 29 years,670.61
2018,Industry and Manufacturing,30 - 39 years,840.56
2018,Industry and Manufacturing,40 - 49 years,1044.31
2018,Industry and Manufacturing,50 - 59 years,1075.34
2018,Industry and Manufacturing,60 years and over,895.63
2018,Construction ,15 - 24 years,410.46
2018,Construction ,15 years and over,685.49
2018,Construction ,25 - 29 years,619.91
2018,Construction ,30 - 39 years,731.54
2018,Construction ,40 - 49 years,787.96
2018,Construction ,50 - 59 years,780.76
2018,Construction ,60 years and over,686.36
2018,"Wholesale, Retail & Auto Services",15 - 24 years,267.92
2018,"Wholesale, Retail & Auto Services",15 years and over,552.4
2018,"Wholesale, Retail & Auto Services",25 - 29 years,482.97
2018,"Wholesale, Retail & Auto Services",30 - 39 years,622.88
2018,"Wholesale, Retail & Auto Services",40 - 49 years,742.69
2018,"Wholesale, Retail & Auto Services",50 - 59 years,683.61
2018,"Wholesale, Retail & Auto Services",60 years and over,524.33
2018,Transportation and warehouse ,15 - 24 years,416.95
2018,Transportation and warehouse ,15 years and over,728.02
2018,Transportation and warehouse ,25 - 29 years,603.21
2018,Transportation and warehouse ,30 - 39 years,713.55
2018,Transportation and warehouse ,40 - 49 years,812.2
2018,Transportation and warehouse ,50 - 59 years,816.79
2018,Transportation and warehouse ,60 years and over,605.28
2018,Hospitality and Culinary,15 - 24 years,232.6
2018,Hospitality and Culinary,15 years and over,344.25
2018,Hospitality and Culinary,25 - 29 years,363.98
2018,Hospitality and Culinary,30 - 39 years,414.55
2018,Hospitality and Culinary,40 - 49 years,441.45
2018,Hospitality and Culinary,50 - 59 years,404.87
2018,Hospitality and Culinary,60 years and over,342.96
2018,Information and communication,15 - 24 years,516.47
2018,Information and communication,15 years and over,1228.12
2018,Information and communication,25 - 29 years,910.79
2018,Information and communication,30 - 39 years,1261.8
2018,Information and communication,40 - 49 years,1561.79
2018,Information and communication,50 - 59 years,1498.88
2018,Information and communication,60 years and over,1053.49
2018,"Financial, insurance and real estate ",15 - 24 years,438.14
2018,"Financial, insurance and real estate ",15 years and over,1079.01
2018,"Financial, insurance and real estate ",25 - 29 years,704.76
2018,"Financial, insurance and real estate ",30 - 39 years,1023.81
2018,"Financial, insurance and real estate ",40 - 49 years,1393.01
2018,"Financial, insurance and real estate ",50 - 59 years,1377.84
2018,"Financial, insurance and real estate ",60 years and over,878.09
2018,"Professional, scientific and technical ",15 - 24 years,424.56
2018,"Professional, scientific and technical ",15 years and over,903.05
2018,"Professional, scientific and technical ",25 - 29 years,711.13
2018,"Professional, scientific and technical ",30 - 39 years,985.35
2018,"Professional, scientific and technical ",40 - 49 years,1162.88
2018,"Professional, scientific and technical ",50 - 59 years,1068.79
2018,"Professional, scientific and technical ",60 years and over,727.02
2018,Administrative and Operational Support,15 - 24 years,377.29
2018,Administrative and Operational Support,15 years and over,591.9
2018,Administrative and Operational Support,25 - 29 years,533.25
2018,Administrative and Operational Support,30 - 39 years,651.95
2018,Administrative and Operational Support,40 - 49 years,697.83
2018,Administrative and Operational Support,50 - 59 years,631.42
2018,Administrative and Operational Support,60 years and over,500.44
2018,Public administration and defence,15 - 24 years,494.45
2018,Public administration and defence,15 years and over,914.13
2018,Public administration and defence,25 - 29 years,637.17
2018,Public administration and defence,30 - 39 years,895.07
2018,Public administration and defence,40 - 49 years,989.82
2018,Public administration and defence,50 - 59 years,985.02
2018,Public administration and defence,60 years and over,853.83
2018,Education ,15 - 24 years,399.49
2018,Education ,15 years and over,778.86
2018,Education ,25 - 29 years,611.26
2018,Education ,30 - 39 years,796.38
2018,Education ,40 - 49 years,866.86
2018,Education ,50 - 59 years,887.77
2018,Education ,60 years and over,656.73
2018,Human health and social work ,15 - 24 years,411.09
2018,Human health and social work ,15 years and over,681.9
2018,Human health and social work ,25 - 29 years,623.28
2018,Human health and social work ,30 - 39 years,717.45
2018,Human health and social work ,40 - 49 years,746.34
2018,Human health and social work ,50 - 59 years,706.48
2018,Human health and social work ,60 years and over,579.57
2018,"Arts, Entertainment & Recreation",15 - 24 years,261.94
2018,"Arts, Entertainment & Recreation",15 years and over,448.79
2018,"Arts, Entertainment & Recreation",25 - 29 years,425.84
2018,"Arts, Entertainment & Recreation",30 - 39 years,491.38
2018,"Arts, Entertainment & Recreation",40 - 49 years,556.82
2018,"Arts, Entertainment & Recreation",50 - 59 years,537.99
2018,"Arts, Entertainment & Recreation",60 years and over,424.18
2019,Industry and Manufacturing,15 - 24 years,467.28
2019,Industry and Manufacturing,15 years and over,922.71
2019,Industry and Manufacturing,25 - 29 years,699.27
2019,Industry and Manufacturing,30 - 39 years,869.14
2019,Industry and Manufacturing,40 - 49 years,1069.17
2019,Industry and Manufacturing,50 - 59 years,1116.37
2019,Industry and Manufacturing,60 years and over,929.38
2019,Construction ,15 - 24 years,430
2019,Construction ,15 years and over,718.14
2019,Construction ,25 - 29 years,650.37
2019,Construction ,30 - 39 years,766.74
2019,Construction ,40 - 49 years,827.43
2019,Construction ,50 - 59 years,815.83
2019,Construction ,60 years and over,700.92
2019,"Wholesale, Retail & Auto Services",15 - 24 years,277.6
2019,"Wholesale, Retail & Auto Services",15 years and over,581.81
2019,"Wholesale, Retail & Auto Services",25 - 29 years,507.23
2019,"Wholesale, Retail & Auto Services",30 - 39 years,658.13
2019,"Wholesale, Retail & Auto Services",40 - 49 years,782.16
2019,"Wholesale, Retail & Auto Services",50 - 59 years,723.11
2019,"Wholesale, Retail & Auto Services",60 years and over,545.26
2019,Transportation and warehouse ,15 - 24 years,438.12
2019,Transportation and warehouse ,15 years and over,757.07
2019,Transportation and warehouse ,25 - 29 years,637.51
2019,Transportation and warehouse ,30 - 39 years,755.57
2019,Transportation and warehouse ,40 - 49 years,842
2019,Transportation and warehouse ,50 - 59 years,848.42
2019,Transportation and warehouse ,60 years and over,622.37
2019,Hospitality and Culinary,15 - 24 years,236.77
2019,Hospitality and Culinary,15 years and over,354.14
2019,Hospitality and Culinary,25 - 29 years,374.61
2019,Hospitality and Culinary,30 - 39 years,426.07
2019,Hospitality and Culinary,40 - 49 years,458.84
2019,Hospitality and Culinary,50 - 59 years,422.13
2019,Hospitality and Culinary,60 years and over,354.52
2019,Information and communication,15 - 24 years,544.43
2019,Information and communication,15 years and over,1276.83
2019,Information and communication,25 - 29 years,939.42
2019,Information and communication,30 - 39 years,1301.06
2019,Information and communication,40 - 49 years,1610.88
2019,Information and communication,50 - 59 years,1605.83
2019,Information and communication,60 years and over,1096.71
2019,"Financial, insurance and real estate ",15 - 24 years,453.32
2019,"Financial, insurance and real estate ",15 years and over,1126.29
2019,"Financial, insurance and real estate ",25 - 29 years,731.26
2019,"Financial, insurance and real estate ",30 - 39 years,1066.81
2019,"Financial, insurance and real estate ",40 - 49 years,1433.44
2019,"Financial, insurance and real estate ",50 - 59 years,1475.75
2019,"Financial, insurance and real estate ",60 years and over,925.03
2019,"Professional, scientific and technical ",15 - 24 years,452.11
2019,"Professional, scientific and technical ",15 years and over,953.34
2019,"Professional, scientific and technical ",25 - 29 years,746.72
2019,"Professional, scientific and technical ",30 - 39 years,1036.27
2019,"Professional, scientific and technical ",40 - 49 years,1207.8
2019,"Professional, scientific and technical ",50 - 59 years,1135.07
2019,"Professional, scientific and technical ",60 years and over,778.97
2019,Administrative and Operational Support,15 - 24 years,398.92
2019,Administrative and Operational Support,15 years and over,630.09
2019,Administrative and Operational Support,25 - 29 years,568.04
2019,Administrative and Operational Support,30 - 39 years,694.8
2019,Administrative and Operational Support,40 - 49 years,748.82
2019,Administrative and Operational Support,50 - 59 years,668.97
2019,Administrative and Operational Support,60 years and over,518.4
2019,Public administration and defence,15 - 24 years,513.54
2019,Public administration and defence,15 years and over,936.25
2019,Public administration and defence,25 - 29 years,672.95
2019,Public administration and defence,30 - 39 years,904.34
2019,Public administration and defence,40 - 49 years,1011.83
2019,Public administration and defence,50 - 59 years,1009.46
2019,Public administration and defence,60 years and over,906.07
2019,Education ,15 - 24 years,423.67
2019,Education ,15 years and over,810.3
2019,Education ,25 - 29 years,639.78
2019,Education ,30 - 39 years,821.75
2019,Education ,40 - 49 years,893.57
2019,Education ,50 - 59 years,918.07
2019,Education ,60 years and over,710.77
2019,Human health and social work ,15 - 24 years,421.82
2019,Human health and social work ,15 years and over,715.73
2019,Human health and social work ,25 - 29 years,648.68
2019,Human health and social work ,30 - 39 years,747.23
2019,Human health and social work ,40 - 49 years,781.98
2019,Human health and social work ,50 - 59 years,750.95
2019,Human health and social work ,60 years and over,616.64
2019,"Arts, Entertainment & Recreation",15 - 24 years,267.95
2019,"Arts, Entertainment & Recreation",15 years and over,462.42
2019,"Arts, Entertainment & Recreation",25 - 29 years,446.84
2019,"Arts, Entertainment & Recreation",30 - 39 years,504.36
2019,"Arts, Entertainment & Recreation",40 - 49 years,570.14
2019,"Arts, Entertainment & Recreation",50 - 59 years,562.18
2019,"Arts, Entertainment & Recreation",60 years and over,433.42
2020,Industry and Manufacturing,15 - 24 years,488.42
2020,Industry and Manufacturing,15 years and over,949.93
2020,Industry and Manufacturing,25 - 29 years,728.52
2020,Industry and Manufacturing,30 - 39 years,891.46
2020,Industry and Manufacturing,40 - 49 years,1094.85
2020,Industry and Manufacturing,50 - 59 years,1141.02
2020,Industry and Manufacturing,60 years and over,953.97
2020,Construction ,15 - 24 years,452.35
2020,Construction ,15 years and over,733.33
2020,Construction ,25 - 29 years,670.04
2020,Construction ,30 - 39 years,786.75
2020,Construction ,40 - 49 years,840.03
2020,Construction ,50 - 59 years,835.68
2020,Construction ,60 years and over,717.34
2020,"Wholesale, Retail & Auto Services",15 - 24 years,297.12
2020,"Wholesale, Retail & Auto Services",15 years and over,602
2020,"Wholesale, Retail & Auto Services",25 - 29 years,521.9
2020,"Wholesale, Retail & Auto Services",30 - 39 years,675.21
2020,"Wholesale, Retail & Auto Services",40 - 49 years,799
2020,"Wholesale, Retail & Auto Services",50 - 59 years,752.64
2020,"Wholesale, Retail & Auto Services",60 years and over,574.39
2020,Transportation and warehouse ,15 - 24 years,448.11
2020,Transportation and warehouse ,15 years and over,741.79
2020,Transportation and warehouse ,25 - 29 years,592.29
2020,Transportation and warehouse ,30 - 39 years,720.1
2020,Transportation and warehouse ,40 - 49 years,814.7
2020,Transportation and warehouse ,50 - 59 years,834.98
2020,Transportation and warehouse ,60 years and over,655.97
2020,Hospitality and Culinary,15 - 24 years,253.1
2020,Hospitality and Culinary,15 years and over,369.05
2020,Hospitality and Culinary,25 - 29 years,376.96
2020,Hospitality and Culinary,30 - 39 years,429.59
2020,Hospitality and Culinary,40 - 49 years,461.64
2020,Hospitality and Culinary,50 - 59 years,443.46
2020,Hospitality and Culinary,60 years and over,367.79
2020,Information and communication,15 - 24 years,546.3
2020,Information and communication,15 years and over,1375.36
2020,Information and communication,25 - 29 years,1009.69
2020,Information and communication,30 - 39 years,1418.48
2020,Information and communication,40 - 49 years,1709.4
2020,Information and communication,50 - 59 years,1673.72
2020,Information and communication,60 years and over,1148.46
2020,"Financial, insurance and real estate ",15 - 24 years,480.45
2020,"Financial, insurance and real estate ",15 years and over,1188.6
2020,"Financial, insurance and real estate ",25 - 29 years,770.14
2020,"Financial, insurance and real estate ",30 - 39 years,1116.85
2020,"Financial, insurance and real estate ",40 - 49 years,1459.88
2020,"Financial, insurance and real estate ",50 - 59 years,1530.3
2020,"Financial, insurance and real estate ",60 years and over,1014.77
2020,"Professional, scientific and technical ",15 - 24 years,473.92
2020,"Professional, scientific and technical ",15 years and over,1001.2
2020,"Professional, scientific and technical ",25 - 29 years,766.8
2020,"Professional, scientific and technical ",30 - 39 years,1088.9
2020,"Professional, scientific and technical ",40 - 49 years,1249.61
2020,"Professional, scientific and technical ",50 - 59 years,1187.75
2020,"Professional, scientific and technical ",60 years and over,819.48
2020,Administrative and Operational Support,15 - 24 years,426.66
2020,Administrative and Operational Support,15 years and over,658.36
2020,Administrative and Operational Support,25 - 29 years,585.12
2020,Administrative and Operational Support,30 - 39 years,723.45
2020,Administrative and Operational Support,40 - 49 years,774.6
2020,Administrative and Operational Support,50 - 59 years,691.65
2020,Administrative and Operational Support,60 years and over,544.77
2020,Public administration and defence,15 - 24 years,524.02
2020,Public administration and defence,15 years and over,956.74
2020,Public administration and defence,25 - 29 years,715.43
2020,Public administration and defence,30 - 39 years,926.23
2020,Public administration and defence,40 - 49 years,1047.55
2020,Public administration and defence,50 - 59 years,1038.73
2020,Public administration and defence,60 years and over,933.86
2020,Education ,15 - 24 years,471.66
2020,Education ,15 years and over,845.96
2020,Education ,25 - 29 years,671.43
2020,Education ,30 - 39 years,845.75
2020,Education ,40 - 49 years,928.95
2020,Education ,50 - 59 years,948.44
2020,Education ,60 years and over,783.16
2020,Human health and social work ,15 - 24 years,458.59
2020,Human health and social work ,15 years and over,751.78
2020,Human health and social work ,25 - 29 years,687.68
2020,Human health and social work ,30 - 39 years,784.21
2020,Human health and social work ,40 - 49 years,820.89
2020,Human health and social work ,50 - 59 years,790.6
2020,Human health and social work ,60 years and over,651.36
2020,"Arts, Entertainment & Recreation",15 - 24 years,294.31
2020,"Arts, Entertainment & Recreation",15 years and over,496.01
2020,"Arts, Entertainment & Recreation",25 - 29 years,465.32
2020,"Arts, Entertainment & Recreation",30 - 39 years,522.39
2020,"Arts, Entertainment & Recreation",40 - 49 years,597.34
2020,"Arts, Entertainment & Recreation",50 - 59 years,588.5
2020,"Arts, Entertainment & Recreation",60 years and over,462.38
2021,Industry and Manufacturing,15 - 24 years,488.94
2021,Industry and Manufacturing,15 years and over,977.37
2021,Industry and Manufacturing,25 - 29 years,765.53
2021,Industry and Manufacturing,30 - 39 years,920.53
2021,Industry and Manufacturing,40 - 49 years,1126.19
2021,Industry and Manufacturing,50 - 59 years,1181.24
2021,Industry and Manufacturing,60 years and over,973.24
2021,Construction ,15 - 24 years,469.94
2021,Construction ,15 years and over,767.94
2021,Construction ,25 - 29 years,712.37
2021,Construction ,30 - 39 years,832.94
2021,Construction ,40 - 49 years,886.52
2021,Construction ,50 - 59 years,882.19
2021,Construction ,60 years and over,760.49
2021,"Wholesale, Retail & Auto Services",15 - 24 years,298.36
2021,"Wholesale, Retail & Auto Services",15 years and over,615.3
2021,"Wholesale, Retail & Auto Services",25 - 29 years,542.16
2021,"Wholesale, Retail & Auto Services",30 - 39 years,694.47
2021,"Wholesale, Retail & Auto Services",40 - 49 years,822.27
2021,"Wholesale, Retail & Auto Services",50 - 59 years,788.15
2021,"Wholesale, Retail & Auto Services",60 years and over,598.88
2021,Transportation and warehouse ,15 - 24 years,451.65
2021,Transportation and warehouse ,15 years and over,753.54
2021,Transportation and warehouse ,25 - 29 years,617
2021,Transportation and warehouse ,30 - 39 years,734.05
2021,Transportation and warehouse ,40 - 49 years,837.06
2021,Transportation and warehouse ,50 - 59 years,842.9
2021,Transportation and warehouse ,60 years and over,654.95
2021,Hospitality and Culinary,15 - 24 years,267.69
2021,Hospitality and Culinary,15 years and over,383.16
2021,Hospitality and Culinary,25 - 29 years,418.24
2021,Hospitality and Culinary,30 - 39 years,469.82
2021,Hospitality and Culinary,40 - 49 years,495.91
2021,Hospitality and Culinary,50 - 59 years,471.48
2021,Hospitality and Culinary,60 years and over,397.31
2021,Information and communication,15 - 24 years,585.25
2021,Information and communication,15 years and over,1500.75
2021,Information and communication,25 - 29 years,1084.25
2021,Information and communication,30 - 39 years,1560.38
2021,Information and communication,40 - 49 years,1855.13
2021,Information and communication,50 - 59 years,1793
2021,Information and communication,60 years and over,1255.34
2021,"Financial, insurance and real estate ",15 - 24 years,472.25
2021,"Financial, insurance and real estate ",15 years and over,1225.26
2021,"Financial, insurance and real estate ",25 - 29 years,800.27
2021,"Financial, insurance and real estate ",30 - 39 years,1153.05
2021,"Financial, insurance and real estate ",40 - 49 years,1494.2
2021,"Financial, insurance and real estate ",50 - 59 years,1580.69
2021,"Financial, insurance and real estate ",60 years and over,1059.92
2021,"Professional, scientific and technical ",15 - 24 years,476.97
2021,"Professional, scientific and technical ",15 years and over,1030.07
2021,"Professional, scientific and technical ",25 - 29 years,785.23
2021,"Professional, scientific and technical ",30 - 39 years,1123.27
2021,"Professional, scientific and technical ",40 - 49 years,1303.92
2021,"Professional, scientific and technical ",50 - 59 years,1271.35
2021,"Professional, scientific and technical ",60 years and over,882.95
2021,Administrative and Operational Support,15 - 24 years,433.96
2021,Administrative and Operational Support,15 years and over,684.78
2021,Administrative and Operational Support,25 - 29 years,620.44
2021,Administrative and Operational Support,30 - 39 years,764.27
2021,Administrative and Operational Support,40 - 49 years,800.58
2021,Administrative and Operational Support,50 - 59 years,730.51
2021,Administrative and Operational Support,60 years and over,577.33
2021,Public administration and defence,15 - 24 years,526.6
2021,Public administration and defence,15 years and over,974.72
2021,Public administration and defence,25 - 29 years,728
2021,Public administration and defence,30 - 39 years,932.99
2021,Public administration and defence,40 - 49 years,1072.18
2021,Public administration and defence,50 - 59 years,1069.08
2021,Public administration and defence,60 years and over,938.82
2021,Education ,15 - 24 years,461.42
2021,Education ,15 years and over,852.75
2021,Education ,25 - 29 years,682.25
2021,Education ,30 - 39 years,848.69
2021,Education ,40 - 49 years,949.19
2021,Education ,50 - 59 years,958.97
2021,Education ,60 years and over,786.99
2021,Human health and social work ,15 - 24 years,462.51
2021,Human health and social work ,15 years and over,767.45
2021,Human health and social work ,25 - 29 years,708.64
2021,Human health and social work ,30 - 39 years,805.59
2021,Human health and social work ,40 - 49 years,836.17
2021,Human health and social work ,50 - 59 years,805.63
2021,Human health and social work ,60 years and over,669.22
2021,"Arts, Entertainment & Recreation",15 - 24 years,305.46
2021,"Arts, Entertainment & Recreation",15 years and over,516.75
2021,"Arts, Entertainment & Recreation",25 - 29 years,503.46
2021,"Arts, Entertainment & Recreation",30 - 39 years,561.25
2021,"Arts, Entertainment & Recreation",40 - 49 years,632.38
2021,"Arts, Entertainment & Recreation",50 - 59 years,612.37
2021,"Arts, Entertainment & Recreation",60 years and over,480.63
2022,Industry and Manufacturing,15 - 24 years,516.86
2022,Industry and Manufacturing,15 years and over,1024.27
2022,Industry and Manufacturing,25 - 29 years,817.12
2022,Industry and Manufacturing,30 - 39 years,969.96
2022,Industry and Manufacturing,40 - 49 years,1174.37
2022,Industry and Manufacturing,50 - 59 years,1231.92
2022,Industry and Manufacturing,60 years and over,1006.32
2022,Construction ,15 - 24 years,481.63
2022,Construction ,15 years and over,792.6
2022,Construction ,25 - 29 years,732.64
2022,Construction ,30 - 39 years,863.7
2022,Construction ,40 - 49 years,918.62
2022,Construction ,50 - 59 years,916.81
2022,Construction ,60 years and over,775.93
2022,"Wholesale, Retail & Auto Services",15 - 24 years,304.65
2022,"Wholesale, Retail & Auto Services",15 years and over,641.08
2022,"Wholesale, Retail & Auto Services",25 - 29 years,567.29
2022,"Wholesale, Retail & Auto Services",30 - 39 years,725.7
2022,"Wholesale, Retail & Auto Services",40 - 49 years,855.03
2022,"Wholesale, Retail & Auto Services",50 - 59 years,831.5
2022,"Wholesale, Retail & Auto Services",60 years and over,627.51
2022,Transportation and warehouse ,15 - 24 years,484.26
2022,Transportation and warehouse ,15 years and over,807.71
2022,Transportation and warehouse ,25 - 29 years,681.9
2022,Transportation and warehouse ,30 - 39 years,800.07
2022,Transportation and warehouse ,40 - 49 years,898.27
2022,Transportation and warehouse ,50 - 59 years,908.92
2022,Transportation and warehouse ,60 years and over,686.92
2022,Hospitality and Culinary,15 - 24 years,262.48
2022,Hospitality and Culinary,15 years and over,392.99
2022,Hospitality and Culinary,25 - 29 years,427.17
2022,Hospitality and Culinary,30 - 39 years,482.94
2022,Hospitality and Culinary,40 - 49 years,519.66
2022,Hospitality and Culinary,50 - 59 years,494.86
2022,Hospitality and Culinary,60 years and over,410.42
2022,Information and communication,15 - 24 years,665.19
2022,Information and communication,15 years and over,1591.37
2022,Information and communication,25 - 29 years,1167.69
2022,Information and communication,30 - 39 years,1631.19
2022,Information and communication,40 - 49 years,1961.32
2022,Information and communication,50 - 59 years,1944.66
2022,Information and communication,60 years and over,1356.32
2022,"Financial, insurance and real estate ",15 - 24 years,489.66
2022,"Financial, insurance and real estate ",15 years and over,1264.55
2022,"Financial, insurance and real estate ",25 - 29 years,815.63
2022,"Financial, insurance and real estate ",30 - 39 years,1199.25
2022,"Financial, insurance and real estate ",40 - 49 years,1538.39
2022,"Financial, insurance and real estate ",50 - 59 years,1644
2022,"Financial, insurance and real estate ",60 years and over,1109.14
2022,"Professional, scientific and technical ",15 - 24 years,490.99
2022,"Professional, scientific and technical ",15 years and over,1076.8
2022,"Professional, scientific and technical ",25 - 29 years,812.78
2022,"Professional, scientific and technical ",30 - 39 years,1161.44
2022,"Professional, scientific and technical ",40 - 49 years,1365.84
2022,"Professional, scientific and technical ",50 - 59 years,1366.53
2022,"Professional, scientific and technical ",60 years and over,915.98
2022,Administrative and Operational Support,15 - 24 years,449.24
2022,Administrative and Operational Support,15 years and over,731.83
2022,Administrative and Operational Support,25 - 29 years,663.94
2022,Administrative and Operational Support,30 - 39 years,821.69
2022,Administrative and Operational Support,40 - 49 years,873.9
2022,Administrative and Operational Support,50 - 59 years,777.38
2022,Administrative and Operational Support,60 years and over,596.22
2022,Public administration and defence,15 - 24 years,540.93
2022,Public administration and defence,15 years and over,1020.75
2022,Public administration and defence,25 - 29 years,773.9
2022,Public administration and defence,30 - 39 years,973.82
2022,Public administration and defence,40 - 49 years,1129.35
2022,Public administration and defence,50 - 59 years,1126.84
2022,Public administration and defence,60 years and over,978.58
2022,Education ,15 - 24 years,467.67
2022,Education ,15 years and over,880.81
2022,Education ,25 - 29 years,705.84
2022,Education ,30 - 39 years,880.35
2022,Education ,40 - 49 years,986.71
2022,Education ,50 - 59 years,993.8
2022,Education ,60 years and over,800.77
2022,Human health and social work ,15 - 24 years,477.47
2022,Human health and social work ,15 years and over,805.07
2022,Human health and social work ,25 - 29 years,735.16
2022,Human health and social work ,30 - 39 years,847.73
2022,Human health and social work ,40 - 49 years,873.79
2022,Human health and social work ,50 - 59 years,851.17
2022,Human health and social work ,60 years and over,694.03
2022,"Arts, Entertainment & Recreation",15 - 24 years,295.54
2022,"Arts, Entertainment & Recreation",15 years and over,524.26
2022,"Arts, Entertainment & Recreation",25 - 29 years,507.35
2022,"Arts, Entertainment & Recreation",30 - 39 years,586.18
2022,"Arts, Entertainment & Recreation",40 - 49 years,656.19
2022,"Arts, Entertainment & Recreation",50 - 59 years,628.88
2022,"Arts, Entertainment & Recreation",60 years and over,482.91
2023,Industry and Manufacturing,15 - 24 years,537.22
2023,Industry and Manufacturing,15 years and over,1066.27
2023,Industry and Manufacturing,25 - 29 years,852.77
2023,Industry and Manufacturing,30 - 39 years,1019.51
2023,Industry and Manufacturing,40 - 49 years,1206.52
2023,Industry and Manufacturing,50 - 59 years,1280.86
2023,Industry and Manufacturing,60 years and over,1043.17
2023,Construction ,15 - 24 years,500.65
2023,Construction ,15 years and over,826.76
2023,Construction ,25 - 29 years,766.23
2023,Construction ,30 - 39 years,901.07
2023,Construction ,40 - 49 years,963.24
2023,Construction ,50 - 59 years,960.78
2023,Construction ,60 years and over,806.51
2023,"Wholesale, Retail & Auto Services",15 - 24 years,320.05
2023,"Wholesale, Retail & Auto Services",15 years and over,671.23
2023,"Wholesale, Retail & Auto Services",25 - 29 years,591.63
2023,"Wholesale, Retail & Auto Services",30 - 39 years,760.69
2023,"Wholesale, Retail & Auto Services",40 - 49 years,888.83
2023,"Wholesale, Retail & Auto Services",50 - 59 years,877.92
2023,"Wholesale, Retail & Auto Services",60 years and over,659.59
2023,Transportation and warehouse ,15 - 24 years,508.55
2023,Transportation and warehouse ,15 years and over,833.72
2023,Transportation and warehouse ,25 - 29 years,712.23
2023,Transportation and warehouse ,30 - 39 years,832.2
2023,Transportation and warehouse ,40 - 49 years,932.25
2023,Transportation and warehouse ,50 - 59 years,938.35
2023,Transportation and warehouse ,60 years and over,707.94
2023,Hospitality and Culinary,15 - 24 years,269.75
2023,Hospitality and Culinary,15 years and over,409.73
2023,Hospitality and Culinary,25 - 29 years,439.15
2023,Hospitality and Culinary,30 - 39 years,495.92
2023,Hospitality and Culinary,40 - 49 years,539.94
2023,Hospitality and Culinary,50 - 59 years,521.78
2023,Hospitality and Culinary,60 years and over,431.67
2023,Information and communication,15 - 24 years,627.3
2023,Information and communication,15 years and over,1703.39
2023,Information and communication,25 - 29 years,1220.77
2023,Information and communication,30 - 39 years,1741.47
2023,Information and communication,40 - 49 years,2065.48
2023,Information and communication,50 - 59 years,2066.34
2023,Information and communication,60 years and over,1432.88
2023,"Financial, insurance and real estate ",15 - 24 years,507.77
2023,"Financial, insurance and real estate ",15 years and over,1317.36
2023,"Financial, insurance and real estate ",25 - 29 years,840.53
2023,"Financial, insurance and real estate ",30 - 39 years,1239.68
2023,"Financial, insurance and real estate ",40 - 49 years,1603.03
2023,"Financial, insurance and real estate ",50 - 59 years,1706.75
2023,"Financial, insurance and real estate ",60 years and over,1197.76
2023,"Professional, scientific and technical ",15 - 24 years,500.29
2023,"Professional, scientific and technical ",15 years and over,1134.82
2023,"Professional, scientific and technical ",25 - 29 years,846.77
2023,"Professional, scientific and technical ",30 - 39 years,1216.33
2023,"Professional, scientific and technical ",40 - 49 years,1428.04
2023,"Professional, scientific and technical ",50 - 59 years,1454.49
2023,"Professional, scientific and technical ",60 years and over,980.78
2023,Administrative and Operational Support,15 - 24 years,454.34
2023,Administrative and Operational Support,15 years and over,765.44
2023,Administrative and Operational Support,25 - 29 years,666
2023,Administrative and Operational Support,30 - 39 years,853.43
2023,Administrative and Operational Support,40 - 49 years,912.43
2023,Administrative and Operational Support,50 - 59 years,834.21
2023,Administrative and Operational Support,60 years and over,632.22
2023,Public administration and defence,15 - 24 years,539.66
2023,Public administration and defence,15 years and over,1061.82
2023,Public administration and defence,25 - 29 years,796.18
2023,Public administration and defence,30 - 39 years,1013.06
2023,Public administration and defence,40 - 49 years,1184.25
2023,Public administration and defence,50 - 59 years,1179.86
2023,Public administration and defence,60 years and over,1017.02
2023,Education ,15 - 24 years,470.16
2023,Education ,15 years and over,908.08
2023,Education ,25 - 29 years,715.19
2023,Education ,30 - 39 years,905.84
2023,Education ,40 - 49 years,1017.59
2023,Education ,50 - 59 years,1029.26
2023,Education ,60 years and over,837.51
2023,Human health and social work ,15 - 24 years,505.86
2023,Human health and social work ,15 years and over,857.32
2023,Human health and social work ,25 - 29 years,768.23
2023,Human health and social work ,30 - 39 years,905.99
2023,Human health and social work ,40 - 49 years,926.75
2023,Human health and social work ,50 - 59 years,910
2023,Human health and social work ,60 years and over,742.44
2023,"Arts, Entertainment & Recreation",15 - 24 years,300.04
2023,"Arts, Entertainment & Recreation",15 years and over,540.82
2023,"Arts, Entertainment & Recreation",25 - 29 years,529.39
2023,"Arts, Entertainment & Recreation",30 - 39 years,611.47
2023,"Arts, Entertainment & Recreation",40 - 49 years,670.64
2023,"Arts, Entertainment & Recreation",50 - 59 years,657.88
2023,"Arts, Entertainment & Recreation",60 years and over,503.53
